RMSE,MAE,MSE,RRMSE,bias,ME,WIA,R2,CCC,SLOPE,Pbias,variable
1.5197717735066163,1.453189136397653,2.3097062435474456,0.023540272666825943,1.1365765401826227,0.921706777571664,0.9813801439178107,0.9694714159033232,0.9667330796373438,1.0315543476659133,1.7604828651925286,soil carbon
860.770590525575,742.3989143719633,740926.0095137471,0.06347709671779762,-344.5703411815084,0.8469370351530986,0.9483516306288529,0.9248701992746139,0.9041481923863064,0.7026238875923564,-2.5410167487144495,corn_grain_yield
